{"cameraMode":{"drawMode":0,"name":"Shaded","section":"Shading Mode"},"sceneLighting":true,"audioPlay":false,"sceneViewState":{"m_AlwaysRefresh":false,"showFog":true,"showSkybox":true,"showFlares":true,"showImageEffects":true,"showParticleSystems":true,"showVisualEffectGraphs":true,"m_FxEnabled":true},"in2DMode":false,"pivot":{"x":-20.351903915405275,"y":22.726280212402345,"z":-61.765262603759769},"rotation":{"x":0.2806689739227295,"y":0.07074205577373505,"z":-0.020779138430953027,"w":0.9569481611251831},"size":12.438199043273926,"orthographic":false}