{"cameraMode":{"drawMode":0,"name":"Shaded","section":"Shading Mode"},"sceneLighting":true,"audioPlay":false,"sceneViewState":{"m_AlwaysRefresh":false,"showFog":true,"showSkybox":true,"showFlares":true,"showImageEffects":true,"showParticleSystems":true,"showVisualEffectGraphs":true,"m_FxEnabled":true},"in2DMode":false,"pivot":{"x":10.851502418518067,"y":36.442352294921878,"z":-2.6925907135009767},"rotation":{"x":0.7307524681091309,"y":0.0003574058646336198,"z":-0.00048428025911562145,"w":0.6828200817108154},"size":0.8660253882408142,"orthographic":false}