{"cameraMode":{"drawMode":0,"name":"Shaded","section":"Shading Mode"},"sceneLighting":true,"audioPlay":false,"sceneViewState":{"m_AlwaysRefresh":false,"showFog":true,"showSkybox":true,"showFlares":true,"showImageEffects":true,"showParticleSystems":true,"showVisualEffectGraphs":true,"m_FxEnabled":true},"in2DMode":false,"pivot":{"x":-11.341801643371582,"y":14.915923118591309,"z":-4.256072998046875},"rotation":{"x":0.5525819659233093,"y":0.04841089993715286,"z":-0.032251305878162387,"w":0.8315973281860352},"size":0.8660253882408142,"orthographic":false}